{
  "n_subjects": 40,
  "threshold_selection": {
    "run": 1,
    "split": "val"
  },
  "validation": {
    "mean_eer": 0.0026282051282051277,
    "mean_auc": 0.9974358974358974
  },
  "protocol1": {
    "mean_auc": 0.9905840455840454,
    "mean_far": 0.0102991452991453,
    "mean_frr": 0.23999999999999994
  },
  "protocol2": {
    "mean_auc": 0.915042735042735,
    "mean_far": 0.05004273504273504,
    "mean_frr": 0.5783333333333334
  }
}