subject_id,p1_eer,p1_auc,p2_eer,p2_auc,p1_demo_threshold
1,0.0,1.0,0.0,1.0,0.6383020358571193
2,0.0,1.0,0.0,1.0,-0.8859142965683716
