{
  "subject_id": 15,
  "decision": {
    "run": 1,
    "split": "val",
    "threshold": 0.8481137295697786,
    "validation_eer": 0.0,
    "validation_auc": 1.0
  },
  "protocol1": {
    "run": 1,
    "split": "test",
    "auc": 0.9986324786324786,
    "far": 0.0,
    "frr": 0.8666666666666667
  },
  "protocol2": {
    "run": 2,
    "split": "test",
    "auc": 0.984957264957265,
    "far": 0.006837606837606838,
    "frr": 0.8666666666666667
  }
}