{
  "subject_id": 27,
  "decision": {
    "run": 1,
    "split": "val",
    "threshold": 0.8863070033190625,
    "validation_eer": 0.0,
    "validation_auc": 1.0
  },
  "protocol1": {
    "run": 1,
    "split": "test",
    "auc": 1.0,
    "far": 0.0,
    "frr": 0.06666666666666667
  },
  "protocol2": {
    "run": 2,
    "split": "test",
    "auc": 0.8664387464387464,
    "far": 0.010256410256410256,
    "frr": 1.0
  }
}