{
  "subject_id": 39,
  "decision": {
    "session": 1,
    "split": "val",
    "threshold": 1.2765846918048613,
    "validation_eer": 0.0,
    "validation_auc": 1.0
  },
  "protocol1": {
    "name": "within_session",
    "session": 1,
    "split": "test",
    "auc": 0.9983190883190883,
    "far": 0.0017094017094017094,
    "frr": 0.0
  },
  "protocol2": {
    "name": "cross_session",
    "session": 2,
    "split": "test",
    "auc": 0.9750605413105413,
    "far": 0.006837606837606838,
    "frr": 0.7583333333333333
  }
}