{
  "subject_id": 31,
  "decision": {
    "session": 1,
    "split": "val",
    "threshold": 0.531883784613953,
    "validation_eer": 0.0017094017094017094,
    "validation_auc": 0.9985185185185186
  },
  "protocol1": {
    "name": "within_session",
    "session": 1,
    "split": "test",
    "auc": 0.9642165242165243,
    "far": 0.005128205128205128,
    "frr": 0.13333333333333333
  },
  "protocol2": {
    "name": "cross_session",
    "session": 2,
    "split": "test",
    "auc": 0.9770067663817663,
    "far": 0.020085470085470087,
    "frr": 0.55
  }
}