{
  "subject_id": 21,
  "decision": {
    "session": 1,
    "split": "val",
    "threshold": 0.36673916455114286,
    "validation_eer": 0.00042735042735042735,
    "validation_auc": 0.9999145299145299
  },
  "protocol1": {
    "name": "within_session",
    "session": 1,
    "split": "test",
    "auc": 0.977948717948718,
    "far": 0.005128205128205128,
    "frr": 0.3333333333333333
  },
  "protocol2": {
    "name": "cross_session",
    "session": 2,
    "split": "test",
    "auc": 0.9735381054131054,
    "far": 0.009401709401709401,
    "frr": 0.675
  }
}