{
  "subject_id": 28,
  "decision": {
    "run": 1,
    "split": "val",
    "threshold": 0.8890813669351474,
    "validation_eer": 0.0,
    "validation_auc": 1.0
  },
  "protocol1": {
    "run": 1,
    "split": "test",
    "auc": 0.9972649572649573,
    "far": 0.0017094017094017094,
    "frr": 0.4
  },
  "protocol2": {
    "run": 2,
    "split": "test",
    "auc": 0.9732193732193732,
    "far": 0.046153846153846156,
    "frr": 0.06666666666666667
  }
}