{
  "subject_id": 11,
  "decision": {
    "run": 1,
    "split": "val",
    "threshold": 0.9879167465638206,
    "validation_eer": 0.002564102564102564,
    "validation_auc": 0.9948717948717949
  },
  "protocol1": {
    "run": 1,
    "split": "test",
    "auc": 0.9886039886039886,
    "far": 0.011965811965811967,
    "frr": 0.26666666666666666
  },
  "protocol2": {
    "run": 2,
    "split": "test",
    "auc": 0.9925925925925926,
    "far": 0.008547008547008548,
    "frr": 0.4666666666666667
  }
}