{
  "subject_id": 3,
  "decision": {
    "session": 1,
    "split": "val",
    "threshold": 0.025428982629122077,
    "validation_eer": 0.001282051282051282,
    "validation_auc": 0.9984900284900285
  },
  "protocol1": {
    "name": "within_session",
    "session": 1,
    "split": "test",
    "auc": 0.9924501424501425,
    "far": 0.002564102564102564,
    "frr": 0.6333333333333333
  },
  "protocol2": {
    "name": "cross_session",
    "session": 2,
    "split": "test",
    "auc": 0.8807638888888889,
    "far": 0.03226495726495727,
    "frr": 0.8166666666666667
  }
}