{
  "subject_id": 18,
  "decision": {
    "session": 1,
    "split": "val",
    "threshold": -0.9399548276799079,
    "validation_eer": 0.07008547008547009,
    "validation_auc": 0.987122507122507
  },
  "protocol1": {
    "name": "within_session",
    "session": 1,
    "split": "test",
    "auc": 0.9866951566951567,
    "far": 0.09829059829059829,
    "frr": 0.0
  },
  "protocol2": {
    "name": "cross_session",
    "session": 2,
    "split": "test",
    "auc": 0.9374074074074074,
    "far": 0.1232905982905983,
    "frr": 0.13333333333333333
  }
}