{
  "subject_id": 35,
  "decision": {
    "run": 1,
    "split": "val",
    "threshold": 0.47588620569751594,
    "validation_eer": 0.005128205128205128,
    "validation_auc": 0.9917948717948718
  },
  "protocol1": {
    "run": 1,
    "split": "test",
    "auc": 0.9818803418803419,
    "far": 0.037606837606837605,
    "frr": 0.0
  },
  "protocol2": {
    "run": 2,
    "split": "test",
    "auc": 0.9367521367521368,
    "far": 0.0547008547008547,
    "frr": 0.4666666666666667
  }
}