{
  "subject_id": 21,
  "decision": {
    "run": 1,
    "split": "val",
    "threshold": 2.195182342116895,
    "validation_eer": 0.005128205128205128,
    "validation_auc": 0.997948717948718
  },
  "protocol1": {
    "run": 1,
    "split": "test",
    "auc": 0.9984045584045584,
    "far": 0.003418803418803419,
    "frr": 0.13333333333333333
  },
  "protocol2": {
    "run": 2,
    "split": "test",
    "auc": 0.9992022792022792,
    "far": 0.018803418803418803,
    "frr": 0.0
  }
}