{
  "subject_id": 22,
  "decision": {
    "session": 1,
    "split": "val",
    "threshold": -0.5269353157927195,
    "validation_eer": 0.005128205128205128,
    "validation_auc": 0.9948717948717949
  },
  "protocol1": {
    "name": "within_session",
    "session": 1,
    "split": "test",
    "auc": 0.9932763532763532,
    "far": 0.03675213675213675,
    "frr": 0.0
  },
  "protocol2": {
    "name": "cross_session",
    "session": 2,
    "split": "test",
    "auc": 0.918292378917379,
    "far": 0.05512820512820513,
    "frr": 0.5833333333333334
  }
}