{
  "subject_id": 12,
  "decision": {
    "session": 1,
    "split": "val",
    "threshold": -0.7092865546683897,
    "validation_eer": 0.03547008547008547,
    "validation_auc": 0.9898575498575499
  },
  "protocol1": {
    "name": "within_session",
    "session": 1,
    "split": "test",
    "auc": 0.9812250712250712,
    "far": 0.03418803418803419,
    "frr": 0.13333333333333333
  },
  "protocol2": {
    "name": "cross_session",
    "session": 2,
    "split": "test",
    "auc": 0.8723326210826211,
    "far": 0.0655982905982906,
    "frr": 0.39166666666666666
  }
}