{
  "subject_id": 11,
  "decision": {
    "session": 1,
    "split": "val",
    "threshold": -0.5220180966967698,
    "validation_eer": 0.00811965811965812,
    "validation_auc": 0.9964102564102563
  },
  "protocol1": {
    "name": "within_session",
    "session": 1,
    "split": "test",
    "auc": 0.9450427350427352,
    "far": 0.02564102564102564,
    "frr": 0.06666666666666667
  },
  "protocol2": {
    "name": "cross_session",
    "session": 2,
    "split": "test",
    "auc": 0.73184650997151,
    "far": 0.1014957264957265,
    "frr": 0.7833333333333333
  }
}