{
  "subject_id": 24,
  "decision": {
    "session": 1,
    "split": "val",
    "threshold": 0.1357335326017841,
    "validation_eer": 0.005128205128205128,
    "validation_auc": 0.9956125356125356
  },
  "protocol1": {
    "name": "within_session",
    "session": 1,
    "split": "test",
    "auc": 0.9880056980056979,
    "far": 0.013675213675213675,
    "frr": 0.13333333333333333
  },
  "protocol2": {
    "name": "cross_session",
    "session": 2,
    "split": "test",
    "auc": 0.8529095441595441,
    "far": 0.06837606837606838,
    "frr": 0.9916666666666667
  }
}