{
  "subject_id": 5,
  "decision": {
    "session": 1,
    "split": "val",
    "threshold": 0.6073795972618155,
    "validation_eer": 0.0029914529914529917,
    "validation_auc": 0.9955840455840456
  },
  "protocol1": {
    "name": "within_session",
    "session": 1,
    "split": "test",
    "auc": 0.9610826210826211,
    "far": 0.007692307692307693,
    "frr": 0.26666666666666666
  },
  "protocol2": {
    "name": "cross_session",
    "session": 2,
    "split": "test",
    "auc": 0.8705787037037037,
    "far": 0.03012820512820513,
    "frr": 0.5833333333333334
  }
}