{
  "subject_id": 9,
  "decision": {
    "session": 1,
    "split": "val",
    "threshold": -0.3945206358861113,
    "validation_eer": 0.031196581196581193,
    "validation_auc": 0.958974358974359
  },
  "protocol1": {
    "name": "within_session",
    "session": 1,
    "split": "test",
    "auc": 0.9938176638176638,
    "far": 0.023931623931623933,
    "frr": 0.03333333333333333
  },
  "protocol2": {
    "name": "cross_session",
    "session": 2,
    "split": "test",
    "auc": 0.8237535612535611,
    "far": 0.04230769230769231,
    "frr": 0.8666666666666667
  }
}