{
  "subject_id": 36,
  "decision": {
    "session": 1,
    "split": "val",
    "threshold": 0.09440523366237219,
    "validation_eer": 0.018376068376068373,
    "validation_auc": 0.9677207977207978
  },
  "protocol1": {
    "name": "within_session",
    "session": 1,
    "split": "test",
    "auc": 0.9581766381766382,
    "far": 0.002564102564102564,
    "frr": 0.5333333333333333
  },
  "protocol2": {
    "name": "cross_session",
    "session": 2,
    "split": "test",
    "auc": 0.8994408831908832,
    "far": 0.029273504273504274,
    "frr": 0.5583333333333333
  }
}