{
  "subject_id": 12,
  "decision": {
    "run": 1,
    "split": "val",
    "threshold": 0.3997034931687625,
    "validation_eer": 0.0,
    "validation_auc": 1.0
  },
  "protocol1": {
    "run": 1,
    "split": "test",
    "auc": 0.9968091168091168,
    "far": 0.003418803418803419,
    "frr": 0.06666666666666667
  },
  "protocol2": {
    "run": 2,
    "split": "test",
    "auc": 0.7965811965811966,
    "far": 0.011965811965811967,
    "frr": 1.0
  }
}