{
  "subject_id": 4,
  "decision": {
    "session": 1,
    "split": "val",
    "threshold": 0.029949800250685055,
    "validation_eer": 0.0029914529914529917,
    "validation_auc": 0.9954985754985756
  },
  "protocol1": {
    "name": "within_session",
    "session": 1,
    "split": "test",
    "auc": 0.9942165242165242,
    "far": 0.005128205128205128,
    "frr": 0.23333333333333334
  },
  "protocol2": {
    "name": "cross_session",
    "session": 2,
    "split": "test",
    "auc": 0.9548860398860398,
    "far": 0.03162393162393162,
    "frr": 0.475
  }
}