{
  "subject_id": 23,
  "decision": {
    "session": 1,
    "split": "val",
    "threshold": -0.8517072491106086,
    "validation_eer": 0.06666666666666665,
    "validation_auc": 0.9550712250712251
  },
  "protocol1": {
    "name": "within_session",
    "session": 1,
    "split": "test",
    "auc": 0.9972364672364673,
    "far": 0.07179487179487179,
    "frr": 0.0
  },
  "protocol2": {
    "name": "cross_session",
    "session": 2,
    "split": "test",
    "auc": 0.9584045584045584,
    "far": 0.08055555555555556,
    "frr": 0.09166666666666666
  }
}