{
  "subject_id": 34,
  "decision": {
    "session": 1,
    "split": "val",
    "threshold": -0.5308555410083855,
    "validation_eer": 0.004700854700854701,
    "validation_auc": 0.9956410256410256
  },
  "protocol1": {
    "name": "within_session",
    "session": 1,
    "split": "test",
    "auc": 0.9983190883190883,
    "far": 0.017948717948717947,
    "frr": 0.0
  },
  "protocol2": {
    "name": "cross_session",
    "session": 2,
    "split": "test",
    "auc": 0.9363657407407407,
    "far": 0.04401709401709402,
    "frr": 0.35
  }
}