{
  "subject_id": 10,
  "decision": {
    "run": 1,
    "split": "val",
    "threshold": 0.41685248710577893,
    "validation_eer": 0.0,
    "validation_auc": 1.0
  },
  "protocol1": {
    "run": 1,
    "split": "test",
    "auc": 1.0,
    "far": 0.0,
    "frr": 0.13333333333333333
  },
  "protocol2": {
    "run": 2,
    "split": "test",
    "auc": 0.9996581196581197,
    "far": 0.0017094017094017094,
    "frr": 0.2
  }
}