{
  "subject_id": 38,
  "decision": {
    "session": 1,
    "split": "val",
    "threshold": 0.3224221860909071,
    "validation_eer": 0.001282051282051282,
    "validation_auc": 0.9975213675213676
  },
  "protocol1": {
    "name": "within_session",
    "session": 1,
    "split": "test",
    "auc": 0.9956980056980057,
    "far": 0.005128205128205128,
    "frr": 0.03333333333333333
  },
  "protocol2": {
    "name": "cross_session",
    "session": 2,
    "split": "test",
    "auc": 0.9349537037037038,
    "far": 0.026923076923076925,
    "frr": 0.7083333333333334
  }
}