{
  "subject_id": 30,
  "decision": {
    "run": 1,
    "split": "val",
    "threshold": 0.5661301484863484,
    "validation_eer": 0.007692307692307693,
    "validation_auc": 0.9948717948717949
  },
  "protocol1": {
    "run": 1,
    "split": "test",
    "auc": 0.9653561253561254,
    "far": 0.03076923076923077,
    "frr": 0.3333333333333333
  },
  "protocol2": {
    "run": 2,
    "split": "test",
    "auc": 0.8576638176638177,
    "far": 0.27692307692307694,
    "frr": 0.0
  }
}