{
  "subject_id": 28,
  "decision": {
    "session": 1,
    "split": "val",
    "threshold": -0.12881417427098896,
    "validation_eer": 0.00811965811965812,
    "validation_auc": 0.9926210826210826
  },
  "protocol1": {
    "name": "within_session",
    "session": 1,
    "split": "test",
    "auc": 0.9956125356125356,
    "far": 0.009401709401709401,
    "frr": 0.0
  },
  "protocol2": {
    "name": "cross_session",
    "session": 2,
    "split": "test",
    "auc": 0.9387428774928773,
    "far": 0.02435897435897436,
    "frr": 0.75
  }
}