{
  "subject_id": 8,
  "decision": {
    "session": 1,
    "split": "val",
    "threshold": -0.5274824296591953,
    "validation_eer": 0.02521367521367521,
    "validation_auc": 0.9948433048433047
  },
  "protocol1": {
    "name": "within_session",
    "session": 1,
    "split": "test",
    "auc": 0.9943874643874644,
    "far": 0.01623931623931624,
    "frr": 0.06666666666666667
  },
  "protocol2": {
    "name": "cross_session",
    "session": 2,
    "split": "test",
    "auc": 0.9590936609686609,
    "far": 0.017735042735042734,
    "frr": 0.16666666666666666
  }
}