{
  "subject_id": 23,
  "decision": {
    "run": 1,
    "split": "val",
    "threshold": 0.7192161438542055,
    "validation_eer": 0.0,
    "validation_auc": 1.0
  },
  "protocol1": {
    "run": 1,
    "split": "test",
    "auc": 0.9984045584045584,
    "far": 0.0017094017094017094,
    "frr": 0.0
  },
  "protocol2": {
    "run": 2,
    "split": "test",
    "auc": 0.94005698005698,
    "far": 0.010256410256410256,
    "frr": 0.8
  }
}