{
  "subject_id": 17,
  "decision": {
    "session": 1,
    "split": "val",
    "threshold": -0.09611585581848614,
    "validation_eer": 0.00042735042735042735,
    "validation_auc": 0.9991737891737892
  },
  "protocol1": {
    "name": "within_session",
    "session": 1,
    "split": "test",
    "auc": 1.0,
    "far": 0.0,
    "frr": 0.0
  },
  "protocol2": {
    "name": "cross_session",
    "session": 2,
    "split": "test",
    "auc": 0.9806980056980058,
    "far": 0.013461538461538462,
    "frr": 0.31666666666666665
  }
}