{
  "subject_id": 34,
  "decision": {
    "run": 1,
    "split": "val",
    "threshold": 0.8029306882585356,
    "validation_eer": 0.0,
    "validation_auc": 1.0
  },
  "protocol1": {
    "run": 1,
    "split": "test",
    "auc": 0.9978347578347578,
    "far": 0.0017094017094017094,
    "frr": 0.13333333333333333
  },
  "protocol2": {
    "run": 2,
    "split": "test",
    "auc": 0.8931054131054131,
    "far": 0.0735042735042735,
    "frr": 0.8
  }
}