{
  "subject_id": 25,
  "decision": {
    "run": 1,
    "split": "val",
    "threshold": 0.3166457098623645,
    "validation_eer": 0.0,
    "validation_auc": 1.0
  },
  "protocol1": {
    "run": 1,
    "split": "test",
    "auc": 0.997037037037037,
    "far": 0.005128205128205128,
    "frr": 0.0
  },
  "protocol2": {
    "run": 2,
    "split": "test",
    "auc": 0.9968091168091169,
    "far": 0.0,
    "frr": 0.4
  }
}