{
  "subject_id": 26,
  "decision": {
    "run": 1,
    "split": "val",
    "threshold": 0.4610206274477193,
    "validation_eer": 0.0,
    "validation_auc": 1.0
  },
  "protocol1": {
    "run": 1,
    "split": "test",
    "auc": 0.981994301994302,
    "far": 0.023931623931623933,
    "frr": 0.2
  },
  "protocol2": {
    "run": 2,
    "split": "test",
    "auc": 0.7766381766381767,
    "far": 0.12307692307692308,
    "frr": 0.9333333333333333
  }
}