{
  "subject_id": 26,
  "decision": {
    "session": 1,
    "split": "val",
    "threshold": -0.12174931467726413,
    "validation_eer": 0.001282051282051282,
    "validation_auc": 0.9995441595441595
  },
  "protocol1": {
    "name": "within_session",
    "session": 1,
    "split": "test",
    "auc": 0.9849572649572649,
    "far": 0.023076923076923078,
    "frr": 0.03333333333333333
  },
  "protocol2": {
    "name": "cross_session",
    "session": 2,
    "split": "test",
    "auc": 0.8614797008547008,
    "far": 0.049145299145299144,
    "frr": 0.9
  }
}