{
  "subject_id": 33,
  "decision": {
    "session": 1,
    "split": "val",
    "threshold": -0.5818929086486566,
    "validation_eer": 0.007264957264957265,
    "validation_auc": 0.9978632478632479
  },
  "protocol1": {
    "name": "within_session",
    "session": 1,
    "split": "test",
    "auc": 0.9976353276353277,
    "far": 0.03162393162393162,
    "frr": 0.0
  },
  "protocol2": {
    "name": "cross_session",
    "session": 2,
    "split": "test",
    "auc": 0.9588390313390314,
    "far": 0.05149572649572649,
    "frr": 0.09166666666666666
  }
}