{
  "subject_id": 11,
  "decision": {
    "session": 1,
    "split": "val",
    "threshold": -0.5235290416989926,
    "validation_eer": 0.00811965811965812,
    "validation_auc": 0.9963817663817662
  },
  "protocol1": {
    "name": "within_session",
    "session": 1,
    "split": "test",
    "auc": 0.945014245014245,
    "far": 0.026495726495726495,
    "frr": 0.06666666666666667
  },
  "protocol2": {
    "name": "cross_session",
    "session": 2,
    "split": "test",
    "auc": 0.7322738603988603,
    "far": 0.10128205128205128,
    "frr": 0.7833333333333333
  }
}