{
  "subject_id": 4,
  "decision": {
    "session": 1,
    "split": "val",
    "threshold": 0.030967391075172657,
    "validation_eer": 0.0029914529914529917,
    "validation_auc": 0.9954985754985756
  },
  "protocol1": {
    "name": "within_session",
    "session": 1,
    "split": "test",
    "auc": 0.9942165242165242,
    "far": 0.005128205128205128,
    "frr": 0.23333333333333334
  },
  "protocol2": {
    "name": "cross_session",
    "session": 2,
    "split": "test",
    "auc": 0.9549305555555555,
    "far": 0.03141025641025641,
    "frr": 0.475
  }
}