{
  "subject_id": 35,
  "decision": {
    "session": 1,
    "split": "val",
    "threshold": -0.5728241490793033,
    "validation_eer": 0.005555555555555556,
    "validation_auc": 0.9971794871794872
  },
  "protocol1": {
    "name": "within_session",
    "session": 1,
    "split": "test",
    "auc": 0.9967236467236468,
    "far": 0.017948717948717947,
    "frr": 0.0
  },
  "protocol2": {
    "name": "cross_session",
    "session": 2,
    "split": "test",
    "auc": 0.9988105413105413,
    "far": 0.027136752136752137,
    "frr": 0.0
  }
}