{
  "subject_id": 7,
  "decision": {
    "session": 1,
    "split": "val",
    "threshold": 0.24975767039105046,
    "validation_eer": 0.0038461538461538464,
    "validation_auc": 0.9943019943019943
  },
  "protocol1": {
    "name": "within_session",
    "session": 1,
    "split": "test",
    "auc": 0.9971794871794872,
    "far": 0.006837606837606838,
    "frr": 0.0
  },
  "protocol2": {
    "name": "cross_session",
    "session": 2,
    "split": "test",
    "auc": 0.9585149572649573,
    "far": 0.03311965811965812,
    "frr": 0.25
  }
}