{
  "subject_id": 16,
  "decision": {
    "session": 1,
    "split": "val",
    "threshold": -0.42036566640857087,
    "validation_eer": 0.030341880341880338,
    "validation_auc": 0.9648148148148148
  },
  "protocol1": {
    "name": "within_session",
    "session": 1,
    "split": "test",
    "auc": 0.9607692307692308,
    "far": 0.05555555555555555,
    "frr": 0.1
  },
  "protocol2": {
    "name": "cross_session",
    "session": 2,
    "split": "test",
    "auc": 0.9114565527065527,
    "far": 0.0532051282051282,
    "frr": 0.225
  }
}