{
  "subject_id": 32,
  "decision": {
    "session": 1,
    "split": "val",
    "threshold": 1.0024230420825726,
    "validation_eer": 0.00042735042735042735,
    "validation_auc": 0.9991452991452991
  },
  "protocol1": {
    "name": "within_session",
    "session": 1,
    "split": "test",
    "auc": 0.9988319088319089,
    "far": 0.0008547008547008547,
    "frr": 0.13333333333333333
  },
  "protocol2": {
    "name": "cross_session",
    "session": 2,
    "split": "test",
    "auc": 0.9273771367521368,
    "far": 0.010256410256410256,
    "frr": 1.0
  }
}