{
  "subject_id": 39,
  "decision": {
    "session": 1,
    "split": "val",
    "threshold": 1.2199898493736987,
    "validation_eer": 0.0,
    "validation_auc": 1.0
  },
  "protocol1": {
    "name": "within_session",
    "session": 1,
    "split": "test",
    "auc": 0.9982905982905983,
    "far": 0.0017094017094017094,
    "frr": 0.0
  },
  "protocol2": {
    "name": "cross_session",
    "session": 2,
    "split": "test",
    "auc": 0.9725356125356125,
    "far": 0.00811965811965812,
    "frr": 0.7416666666666667
  }
}