{
  "subject_id": 10,
  "decision": {
    "session": 1,
    "split": "val",
    "threshold": 0.4346852627805895,
    "validation_eer": 0.0008547008547008547,
    "validation_auc": 0.9998290598290598
  },
  "protocol1": {
    "name": "within_session",
    "session": 1,
    "split": "test",
    "auc": 0.9960683760683761,
    "far": 0.004273504273504274,
    "frr": 0.1
  },
  "protocol2": {
    "name": "cross_session",
    "session": 2,
    "split": "test",
    "auc": 0.9273450854700854,
    "far": 0.03034188034188034,
    "frr": 0.6916666666666667
  }
}