{
  "subject_id": 8,
  "decision": {
    "session": 1,
    "split": "val",
    "threshold": -0.5247039327266907,
    "validation_eer": 0.02521367521367521,
    "validation_auc": 0.9948717948717948
  },
  "protocol1": {
    "name": "within_session",
    "session": 1,
    "split": "test",
    "auc": 0.9943304843304843,
    "far": 0.017094017094017096,
    "frr": 0.06666666666666667
  },
  "protocol2": {
    "name": "cross_session",
    "session": 2,
    "split": "test",
    "auc": 0.9592094017094017,
    "far": 0.01752136752136752,
    "frr": 0.16666666666666666
  }
}