{
  "subject_id": 36,
  "decision": {
    "session": 1,
    "split": "val",
    "threshold": 0.09333978590815728,
    "validation_eer": 0.018376068376068373,
    "validation_auc": 0.9676923076923077
  },
  "protocol1": {
    "name": "within_session",
    "session": 1,
    "split": "test",
    "auc": 0.9583760683760684,
    "far": 0.002564102564102564,
    "frr": 0.5333333333333333
  },
  "protocol2": {
    "name": "cross_session",
    "session": 2,
    "split": "test",
    "auc": 0.8986787749287749,
    "far": 0.02905982905982906,
    "frr": 0.5583333333333333
  }
}