{
  "subject_id": 24,
  "decision": {
    "session": 1,
    "split": "val",
    "threshold": 0.14445312131378962,
    "validation_eer": 0.004700854700854701,
    "validation_auc": 0.9956410256410256
  },
  "protocol1": {
    "name": "within_session",
    "session": 1,
    "split": "test",
    "auc": 0.987948717948718,
    "far": 0.013675213675213675,
    "frr": 0.13333333333333333
  },
  "protocol2": {
    "name": "cross_session",
    "session": 2,
    "split": "test",
    "auc": 0.8537464387464387,
    "far": 0.06645299145299145,
    "frr": 0.9916666666666667
  }
}