{
  "subject_id": 29,
  "decision": {
    "session": 1,
    "split": "val",
    "threshold": -0.5022146679112003,
    "validation_eer": 0.0517094017094017,
    "validation_auc": 0.9292877492877494
  },
  "protocol1": {
    "name": "within_session",
    "session": 1,
    "split": "test",
    "auc": 0.8974074074074073,
    "far": 0.007692307692307693,
    "frr": 0.2
  },
  "protocol2": {
    "name": "cross_session",
    "session": 2,
    "split": "test",
    "auc": 0.9203258547008546,
    "far": 0.054914529914529914,
    "frr": 0.325
  }
}