{
  "subject_id": 33,
  "decision": {
    "session": 1,
    "split": "val",
    "threshold": -0.582317203986829,
    "validation_eer": 0.007264957264957265,
    "validation_auc": 0.9978632478632479
  },
  "protocol1": {
    "name": "within_session",
    "session": 1,
    "split": "test",
    "auc": 0.9976353276353277,
    "far": 0.03076923076923077,
    "frr": 0.0
  },
  "protocol2": {
    "name": "cross_session",
    "session": 2,
    "split": "test",
    "auc": 0.9588532763532763,
    "far": 0.051709401709401706,
    "frr": 0.09166666666666666
  }
}