{
  "subject_id": 6,
  "decision": {
    "session": 1,
    "split": "val",
    "threshold": -0.5276265265744928,
    "validation_eer": 0.030341880341880338,
    "validation_auc": 0.9928490028490028
  },
  "protocol1": {
    "name": "within_session",
    "session": 1,
    "split": "test",
    "auc": 0.9731339031339031,
    "far": 0.03333333333333333,
    "frr": 0.03333333333333333
  },
  "protocol2": {
    "name": "cross_session",
    "session": 2,
    "split": "test",
    "auc": 0.9612321937321937,
    "far": 0.02606837606837607,
    "frr": 0.19166666666666668
  }
}