{
  "subject_id": 5,
  "decision": {
    "session": 1,
    "split": "val",
    "threshold": 0.6075316348383915,
    "validation_eer": 0.0029914529914529917,
    "validation_auc": 0.9956125356125356
  },
  "protocol1": {
    "name": "within_session",
    "session": 1,
    "split": "test",
    "auc": 0.9610541310541311,
    "far": 0.007692307692307693,
    "frr": 0.26666666666666666
  },
  "protocol2": {
    "name": "cross_session",
    "session": 2,
    "split": "test",
    "auc": 0.8706160968660968,
    "far": 0.03012820512820513,
    "frr": 0.5833333333333334
  }
}