{
  "subject_id": 14,
  "decision": {
    "session": 1,
    "split": "val",
    "threshold": -0.31482064458410797,
    "validation_eer": 0.025641025641025637,
    "validation_auc": 0.9941310541310541
  },
  "protocol1": {
    "name": "within_session",
    "session": 1,
    "split": "test",
    "auc": 0.9938461538461539,
    "far": 0.011111111111111112,
    "frr": 0.13333333333333333
  },
  "protocol2": {
    "name": "cross_session",
    "session": 2,
    "split": "test",
    "auc": 0.7829380341880343,
    "far": 0.039316239316239315,
    "frr": 0.9333333333333333
  }
}