{
  "subject_id": 23,
  "decision": {
    "session": 1,
    "split": "val",
    "threshold": -0.8488595414820468,
    "validation_eer": 0.06666666666666665,
    "validation_auc": 0.9550427350427351
  },
  "protocol1": {
    "name": "within_session",
    "session": 1,
    "split": "test",
    "auc": 0.9972079772079773,
    "far": 0.07094017094017094,
    "frr": 0.0
  },
  "protocol2": {
    "name": "cross_session",
    "session": 2,
    "split": "test",
    "auc": 0.9583386752136752,
    "far": 0.07948717948717948,
    "frr": 0.09166666666666666
  }
}