{
  "subject_id": 37,
  "decision": {
    "session": 1,
    "split": "val",
    "threshold": 0.22609087222478497,
    "validation_eer": 0.001282051282051282,
    "validation_auc": 0.9992307692307693
  },
  "protocol1": {
    "name": "within_session",
    "session": 1,
    "split": "test",
    "auc": 0.995954415954416,
    "far": 0.010256410256410256,
    "frr": 0.03333333333333333
  },
  "protocol2": {
    "name": "cross_session",
    "session": 2,
    "split": "test",
    "auc": 0.9787731481481481,
    "far": 0.013247863247863248,
    "frr": 0.3416666666666667
  }
}