{
  "subject_id": 3,
  "decision": {
    "session": 1,
    "split": "val",
    "threshold": 0.024590425844327024,
    "validation_eer": 0.001282051282051282,
    "validation_auc": 0.9985470085470085
  },
  "protocol1": {
    "name": "within_session",
    "session": 1,
    "split": "test",
    "auc": 0.9927920227920228,
    "far": 0.002564102564102564,
    "frr": 0.6333333333333333
  },
  "protocol2": {
    "name": "cross_session",
    "session": 2,
    "split": "test",
    "auc": 0.8835933048433049,
    "far": 0.03247863247863248,
    "frr": 0.8166666666666667
  }
}