{
  "subject_id": 18,
  "decision": {
    "session": 1,
    "split": "val",
    "threshold": -1.1125566833005305,
    "validation_eer": 0.0846153846153846,
    "validation_auc": 0.9844729344729345
  },
  "protocol1": {
    "name": "within_session",
    "session": 1,
    "split": "test",
    "auc": 0.9866666666666666,
    "far": 0.12991452991452992,
    "frr": 0.0
  },
  "protocol2": {
    "name": "cross_session",
    "session": 2,
    "split": "test",
    "auc": 0.94184650997151,
    "far": 0.16474358974358974,
    "frr": 0.08333333333333333
  }
}