{
  "subject_id": 34,
  "decision": {
    "session": 1,
    "split": "val",
    "threshold": -0.4974046558317713,
    "validation_eer": 0.004700854700854701,
    "validation_auc": 0.9956695156695157
  },
  "protocol1": {
    "name": "within_session",
    "session": 1,
    "split": "test",
    "auc": 0.9982336182336182,
    "far": 0.017094017094017096,
    "frr": 0.0
  },
  "protocol2": {
    "name": "cross_session",
    "session": 2,
    "split": "test",
    "auc": 0.9364583333333333,
    "far": 0.0405982905982906,
    "frr": 0.38333333333333336
  }
}