{
  "subject_id": 19,
  "decision": {
    "session": 1,
    "split": "val",
    "threshold": 0.42281605447911774,
    "validation_eer": 0.0008547008547008547,
    "validation_auc": 0.9986609686609687
  },
  "protocol1": {
    "name": "within_session",
    "session": 1,
    "split": "test",
    "auc": 0.9933333333333334,
    "far": 0.008547008547008548,
    "frr": 0.3
  },
  "protocol2": {
    "name": "cross_session",
    "session": 2,
    "split": "test",
    "auc": 0.8508262108262108,
    "far": 0.026495726495726495,
    "frr": 0.9416666666666667
  }
}