{
  "subject_id": 29,
  "decision": {
    "run": 1,
    "split": "val",
    "threshold": 0.025871348035283237,
    "validation_eer": 0.015384615384615385,
    "validation_auc": 0.9917948717948718
  },
  "protocol1": {
    "run": 1,
    "split": "test",
    "auc": 0.918974358974359,
    "far": 0.041025641025641026,
    "frr": 0.13333333333333333
  },
  "protocol2": {
    "run": 2,
    "split": "test",
    "auc": 0.9876923076923078,
    "far": 0.10085470085470086,
    "frr": 0.0
  }
}