{
  "subject_id": 13,
  "decision": {
    "run": 1,
    "split": "val",
    "threshold": 0.5577770135026325,
    "validation_eer": 0.0,
    "validation_auc": 1.0
  },
  "protocol1": {
    "run": 1,
    "split": "test",
    "auc": 0.9994301994301994,
    "far": 0.0017094017094017094,
    "frr": 0.06666666666666667
  },
  "protocol2": {
    "run": 2,
    "split": "test",
    "auc": 0.903931623931624,
    "far": 0.0,
    "frr": 1.0
  }
}