{
  "subject_id": 19,
  "decision": {
    "run": 1,
    "split": "val",
    "threshold": 0.33485797762355674,
    "validation_eer": 0.007692307692307693,
    "validation_auc": 0.9948717948717949
  },
  "protocol1": {
    "run": 1,
    "split": "test",
    "auc": 0.9774358974358974,
    "far": 0.02735042735042735,
    "frr": 0.26666666666666666
  },
  "protocol2": {
    "run": 2,
    "split": "test",
    "auc": 0.7585185185185186,
    "far": 0.20854700854700856,
    "frr": 0.8
  }
}