{
  "subject_id": 33,
  "decision": {
    "run": 1,
    "split": "val",
    "threshold": 0.5876081769347037,
    "validation_eer": 0.0,
    "validation_auc": 1.0
  },
  "protocol1": {
    "run": 1,
    "split": "test",
    "auc": 0.9955555555555556,
    "far": 0.006837606837606838,
    "frr": 0.26666666666666666
  },
  "protocol2": {
    "run": 2,
    "split": "test",
    "auc": 0.9611396011396011,
    "far": 0.017094017094017096,
    "frr": 1.0
  }
}