{
  "subject_id": 37,
  "decision": {
    "run": 1,
    "split": "val",
    "threshold": 0.4935023285639548,
    "validation_eer": 0.005128205128205128,
    "validation_auc": 0.995897435897436
  },
  "protocol1": {
    "run": 1,
    "split": "test",
    "auc": 0.9854131054131053,
    "far": 0.015384615384615385,
    "frr": 0.2
  },
  "protocol2": {
    "run": 2,
    "split": "test",
    "auc": 0.9709401709401708,
    "far": 0.035897435897435895,
    "frr": 0.2
  }
}