{
  "subject_id": 17,
  "decision": {
    "run": 1,
    "split": "val",
    "threshold": 0.9258399012769307,
    "validation_eer": 0.0,
    "validation_auc": 1.0
  },
  "protocol1": {
    "run": 1,
    "split": "test",
    "auc": 0.9980626780626781,
    "far": 0.0017094017094017094,
    "frr": 0.3333333333333333
  },
  "protocol2": {
    "run": 2,
    "split": "test",
    "auc": 0.9953276353276354,
    "far": 0.003418803418803419,
    "frr": 0.9333333333333333
  }
}