{
  "subject_id": 8,
  "decision": {
    "run": 1,
    "split": "val",
    "threshold": 0.3790113690037171,
    "validation_eer": 0.005128205128205128,
    "validation_auc": 0.9938461538461539
  },
  "protocol1": {
    "run": 1,
    "split": "test",
    "auc": 0.9837037037037036,
    "far": 0.023931623931623933,
    "frr": 0.06666666666666667
  },
  "protocol2": {
    "run": 2,
    "split": "test",
    "auc": 0.9327635327635327,
    "far": 0.08888888888888889,
    "frr": 0.26666666666666666
  }
}