{
  "subject_id": 20,
  "decision": {
    "run": 1,
    "split": "val",
    "threshold": 1.2194967801763958,
    "validation_eer": 0.0,
    "validation_auc": 1.0
  },
  "protocol1": {
    "run": 1,
    "split": "test",
    "auc": 0.9944159544159544,
    "far": 0.005128205128205128,
    "frr": 0.5333333333333333
  },
  "protocol2": {
    "run": 2,
    "split": "test",
    "auc": 0.8438746438746438,
    "far": 0.015384615384615385,
    "frr": 1.0
  }
}