{
  "subject_id": 14,
  "decision": {
    "run": 1,
    "split": "val",
    "threshold": 0.6021970853373695,
    "validation_eer": 0.002564102564102564,
    "validation_auc": 0.9948717948717949
  },
  "protocol1": {
    "run": 1,
    "split": "test",
    "auc": 0.988034188034188,
    "far": 0.008547008547008548,
    "frr": 0.7333333333333333
  },
  "protocol2": {
    "run": 2,
    "split": "test",
    "auc": 0.9226210826210827,
    "far": 0.08034188034188035,
    "frr": 0.4
  }
}