{
  "subject_id": 31,
  "decision": {
    "run": 1,
    "split": "val",
    "threshold": 1.0351969752762207,
    "validation_eer": 0.002564102564102564,
    "validation_auc": 0.9969230769230769
  },
  "protocol1": {
    "run": 1,
    "split": "test",
    "auc": 0.9921367521367521,
    "far": 0.003418803418803419,
    "frr": 0.6
  },
  "protocol2": {
    "run": 2,
    "split": "test",
    "auc": 0.9024501424501425,
    "far": 0.04786324786324787,
    "frr": 0.8666666666666667
  }
}