{
  "subject_id": 32,
  "decision": {
    "run": 1,
    "split": "val",
    "threshold": 0.5030699381834411,
    "validation_eer": 0.0,
    "validation_auc": 1.0
  },
  "protocol1": {
    "run": 1,
    "split": "test",
    "auc": 0.9976068376068377,
    "far": 0.003418803418803419,
    "frr": 0.2
  },
  "protocol2": {
    "run": 2,
    "split": "test",
    "auc": 0.9704843304843305,
    "far": 0.03418803418803419,
    "frr": 0.3333333333333333
  }
}