{
  "subject_id": 22,
  "decision": {
    "run": 1,
    "split": "val",
    "threshold": 0.7093201970361327,
    "validation_eer": 0.002564102564102564,
    "validation_auc": 0.998974358974359
  },
  "protocol1": {
    "run": 1,
    "split": "test",
    "auc": 1.0,
    "far": 0.0,
    "frr": 0.4
  },
  "protocol2": {
    "run": 2,
    "split": "test",
    "auc": 0.9785754985754985,
    "far": 0.020512820512820513,
    "frr": 0.8
  }
}