{
  "subject_id": 1,
  "decision": {
    "run": 1,
    "split": "val",
    "threshold": 0.41488069893850477,
    "validation_eer": 0.005128205128205128,
    "validation_auc": 0.9948717948717949
  },
  "protocol1": {
    "run": 1,
    "split": "test",
    "auc": 0.9903133903133903,
    "far": 0.013675213675213675,
    "frr": 0.2
  },
  "protocol2": {
    "run": 2,
    "split": "test",
    "auc": 0.7971509971509972,
    "far": 0.04786324786324787,
    "frr": 0.4666666666666667
  }
}