{
  "subject_id": 39,
  "decision": {
    "run": 1,
    "split": "val",
    "threshold": 0.2476048098483632,
    "validation_eer": 0.0,
    "validation_auc": 1.0
  },
  "protocol1": {
    "run": 1,
    "split": "test",
    "auc": 1.0,
    "far": 0.0,
    "frr": 0.4
  },
  "protocol2": {
    "run": 2,
    "split": "test",
    "auc": 0.9842735042735042,
    "far": 0.022222222222222223,
    "frr": 0.13333333333333333
  }
}