{
  "subject_id": 38,
  "decision": {
    "run": 1,
    "split": "val",
    "threshold": -0.08969964782060535,
    "validation_eer": 0.010256410256410256,
    "validation_auc": 0.9928205128205128
  },
  "protocol1": {
    "run": 1,
    "split": "test",
    "auc": 0.9732193732193731,
    "far": 0.04786324786324787,
    "frr": 0.0
  },
  "protocol2": {
    "run": 2,
    "split": "test",
    "auc": 0.8863817663817665,
    "far": 0.2188034188034188,
    "frr": 0.06666666666666667
  }
}