{
  "subject_id": 6,
  "decision": {
    "run": 1,
    "split": "val",
    "threshold": 0.665515956375279,
    "validation_eer": 0.005128205128205128,
    "validation_auc": 0.9969230769230769
  },
  "protocol1": {
    "run": 1,
    "split": "test",
    "auc": 0.9890598290598291,
    "far": 0.013675213675213675,
    "frr": 0.06666666666666667
  },
  "protocol2": {
    "run": 2,
    "split": "test",
    "auc": 0.9938461538461539,
    "far": 0.005128205128205128,
    "frr": 0.8
  }
}