{
  "subject_id": 24,
  "decision": {
    "run": 1,
    "split": "val",
    "threshold": 0.9755807606437323,
    "validation_eer": 0.0,
    "validation_auc": 1.0
  },
  "protocol1": {
    "run": 1,
    "split": "test",
    "auc": 0.9988603988603989,
    "far": 0.0017094017094017094,
    "frr": 0.0
  },
  "protocol2": {
    "run": 2,
    "split": "test",
    "auc": 0.5533903133903134,
    "far": 0.008547008547008548,
    "frr": 1.0
  }
}