{
  "subject_id": 2,
  "decision": {
    "run": 1,
    "split": "val",
    "threshold": 1.3864040079496942,
    "validation_eer": 0.0,
    "validation_auc": 1.0
  },
  "protocol1": {
    "run": 1,
    "split": "test",
    "auc": 0.9928205128205129,
    "far": 0.003418803418803419,
    "frr": 0.4666666666666667
  },
  "protocol2": {
    "run": 2,
    "split": "test",
    "auc": 0.9811965811965812,
    "far": 0.02564102564102564,
    "frr": 0.26666666666666666
  }
}