{
  "subject_id": 7,
  "decision": {
    "run": 1,
    "split": "val",
    "threshold": -0.060491853603080736,
    "validation_eer": 0.01282051282051282,
    "validation_auc": 0.9794871794871796
  },
  "protocol1": {
    "run": 1,
    "split": "test",
    "auc": 0.9938461538461538,
    "far": 0.02564102564102564,
    "frr": 0.06666666666666667
  },
  "protocol2": {
    "run": 2,
    "split": "test",
    "auc": 0.8785185185185185,
    "far": 0.24615384615384617,
    "frr": 0.0
  }
}