{
  "subject_id": 16,
  "decision": {
    "run": 1,
    "split": "val",
    "threshold": 0.9044002129053594,
    "validation_eer": 0.007692307692307693,
    "validation_auc": 0.9907692307692308
  },
  "protocol1": {
    "run": 1,
    "split": "test",
    "auc": 0.9906552706552707,
    "far": 0.010256410256410256,
    "frr": 0.4
  },
  "protocol2": {
    "run": 2,
    "split": "test",
    "auc": 0.987122507122507,
    "far": 0.005128205128205128,
    "frr": 1.0
  }
}